1, 9, 445544, 1.9383379220962524, 0.46838709712028503
1, 5, 445544, 3.006300449371338, 0.0
1, 1, 445544, 2.49275803565979, 0.08026030659675598
1, 8, 445544, 2.311309814453125, 0.02512562833726406
1, 3, 445544, 3.3227007389068604, 0.012295082211494446
1, 6, 445544, 1.2419754266738892, 0.5862552523612976
1, 0, 445544, 1.3312362432479858, 0.5475504398345947
1, 7, 445544, 1.4894020557403564, 0.4309327006340027
1, 4, 445544, 1.9001922607421875, 0.4872521162033081
1, 2, 445544, 1.9894810914993286, 0.10538922250270844
2, 9, 445544, 8.559020042419434, 0.0
2, 5, 445544, 1.4021720886230469, 0.6885676980018616
2, 1, 445544, 5.794310569763184, 0.0
2, 3, 445544, 0.20851856470108032, 0.9426229596138
2, 6, 445544, 5.600484371185303, 0.0
2, 8, 445544, 5.089665412902832, 0.0
2, 0, 445544, 3.941131830215454, 0.34293949604034424
2, 7, 445544, 4.672415256500244, 0.1570248007774353
2, 4, 445544, 8.574607849121094, 0.0
2, 2, 445544, 2.6946816444396973, 0.5293413400650024
3, 9, 445544, 8.773530960083008, 0.0
3, 5, 445544, 6.366180896759033, 0.1195795014500618
3, 1, 445544, 0.7727384567260742, 0.9175704717636108
3, 3, 445544, 9.945818901062012, 0.0
3, 6, 445544, 5.141283988952637, 0.3856942355632782
3, 8, 445544, 0.8656941056251526, 0.6412060260772705
3, 0, 445544, 7.649097919464111, 0.048991356045007706
3, 7, 445544, 5.301848411560059, 0.19126328825950623
3, 4, 445544, 8.981842041015625, 0.00283286115154624
3, 2, 445544, 5.285765171051025, 0.0814371258020401
4, 9, 445544, 1.0092225074768066, 0.5638709664344788
4, 5, 445544, 2.42940092086792, 0.06176084280014038
4, 1, 445544, 4.747145175933838, 0.015184381976723671
4, 3, 445544, 2.035498857498169, 0.012295082211494446
4, 8, 445544, 3.9944043159484863, 0.0
4, 6, 445544, 2.23441481590271, 0.33660587668418884
4, 0, 445544, 2.3596200942993164, 0.15561959147453308
4, 7, 445544, 2.3014638423919678, 0.3140496015548706
4, 4, 445544, 1.215085744857788, 0.4844192564487457
4, 2, 445544, 3.2123444080352783, 0.0
5, 9, 445544, 4.904863357543945, 0.0
5, 5, 445544, 5.46237325668335, 0.0
5, 1, 445544, 5.742298126220703, 0.0
5, 3, 445544, 5.637345790863037, 0.16188524663448334
5, 8, 445544, 3.77078914642334, 0.25427135825157166
5, 6, 445544, 4.904261112213135, 0.0
5, 0, 445544, 3.47025203704834, 0.3515850007534027
5, 7, 445544, 4.396096706390381, 0.16765053570270538
5, 4, 445544, 4.9783034324646, 0.012747875414788723
5, 2, 445544, 0.14444150030612946, 0.9880239367485046
6, 5, 445544, 4.80649995803833, 0.0
6, 9, 445544, 3.047395944595337, 0.4580645263195038
6, 1, 445544, 5.946848392486572, 0.08242949843406677
6, 3, 445544, 4.640529632568359, 0.0020491802133619785
6, 8, 445544, 3.5117578506469727, 0.2713567912578583
6, 6, 445544, 0.07837856560945511, 0.9929873943328857
6, 0, 445544, 2.0088164806365967, 0.5331411957740784
6, 7, 445544, 3.0245590209960938, 0.4179456830024719
6, 4, 445544, 2.9748082160949707, 0.4872521162033081
6, 2, 445544, 3.2335965633392334, 0.009580838494002819
7, 9, 445544, 3.3259549140930176, 0.44516128301620483
7, 5, 445544, 0.7454532980918884, 0.7279894948005676
7, 1, 445544, 5.021107196807861, 0.06290672719478607
7, 3, 445544, 1.5000559091567993, 0.47336065769195557
7, 8, 445544, 2.1378700733184814, 0.44120603799819946
7, 6, 445544, 0.38600558042526245, 0.9326788187026978
7, 0, 445544, 1.7544903755187988, 0.5014409422874451
7, 7, 445544, 1.300706148147583, 0.6410861611366272
7, 4, 445544, 3.2643251419067383, 0.4504249393939972
7, 2, 445544, 3.4380719661712646, 0.014371257275342941
8, 5, 445544, 11.022563934326172, 0.0
8, 9, 445544, 9.307653427124023, 0.0
8, 1, 445544, 5.737495422363281, 0.0
8, 3, 445544, 11.009870529174805, 0.16393442451953888
8, 6, 445544, 7.039250373840332, 0.0
8, 8, 445544, 4.470684051513672, 0.2512562870979309
8, 0, 445544, 5.125248432159424, 0.3573487102985382
8, 7, 445544, 7.369080066680908, 0.16765053570270538
8, 4, 445544, 9.09025764465332, 0.012747875414788723
8, 2, 445544, 0.043880682438611984, 0.9952095746994019
9, 9, 445544, 1.2244585752487183, 0.540645182132721
9, 5, 445544, 8.089982986450195, 0.0
9, 1, 445544, 5.104856014251709, 0.060737527906894684
9, 3, 445544, 7.887638092041016, 0.0
9, 8, 445544, 4.637896537780762, 0.23819094896316528
9, 6, 445544, 0.5038426518440247, 0.8527349233627319
9, 0, 445544, 4.780985355377197, 0.36023053526878357
9, 7, 445544, 4.968303680419922, 0.37426209449768066
9, 4, 445544, 1.3580849170684814, 0.5141643285751343
9, 2, 445544, 7.434532165527344, 0.0
10, 9, 445544, 3.857802152633667, 0.0
10, 5, 445544, 4.087966442108154, 0.03416557237505913
10, 1, 445544, 5.175972938537598, 0.0
10, 8, 445544, 2.5433297157287598, 0.29748743772506714
10, 3, 445544, 4.373197555541992, 0.15368852019309998
10, 6, 445544, 3.51692795753479, 0.0
10, 0, 445544, 3.2948997020721436, 0.35446685552597046
10, 7, 445544, 2.901794672012329, 0.2243211269378662
10, 4, 445544, 4.23529577255249, 0.012747875414788723
10, 2, 445544, 0.1774086058139801, 0.9580838084220886
11, 9, 445544, 1.797569990158081, 0.49419355392456055
11, 5, 445544, 6.066234111785889, 0.0
11, 8, 445544, 4.358731269836426, 0.2301507592201233
11, 3, 445544, 6.892024517059326, 0.0
11, 1, 445544, 6.667421817779541, 0.0759219080209732
11, 6, 445544, 0.3063008785247803, 0.9060308337211609
11, 0, 445544, 3.7444400787353516, 0.4755043089389801
11, 7, 445544, 4.146366119384766, 0.40731996297836304
11, 4, 445544, 1.8196104764938354, 0.5056657195091248
11, 2, 445544, 6.3608222007751465, 0.0
12, 9, 445544, 3.779947280883789, 0.0
12, 5, 445544, 6.321533679962158, 0.04336399585008621
12, 3, 445544, 6.620949745178223, 0.16393442451953888
12, 1, 445544, 7.0562543869018555, 0.0
12, 8, 445544, 2.4371678829193115, 0.4623115658760071
12, 6, 445544, 3.383007049560547, 0.22861149907112122
12, 0, 445544, 3.168043375015259, 0.38616713881492615
12, 7, 445544, 3.06072998046875, 0.23376622796058655
12, 4, 445544, 4.02740478515625, 0.012747875414788723
12, 2, 445544, 0.06365132331848145, 0.9916167855262756
13, 9, 445544, 0.14454062283039093, 0.9535483717918396
13, 5, 445544, 4.962727069854736, 0.009198423475027084
13, 1, 445544, 4.726768970489502, 0.0
13, 3, 445544, 5.501708030700684, 0.0
13, 6, 445544, 3.41812801361084, 0.23562411963939667
13, 8, 445544, 3.8329780101776123, 0.002010050229728222
13, 0, 445544, 3.496861696243286, 0.03458213433623314
13, 7, 445544, 2.268846035003662, 0.27863046526908875
13, 4, 445544, 0.6236527562141418, 0.8186968564987183
13, 2, 445544, 3.6755380630493164, 0.007185628637671471
14, 9, 445544, 0.40906545519828796, 0.9083871245384216
14, 5, 445544, 2.9877254962921143, 0.07490144670009613
14, 1, 445544, 0.7821086049079895, 0.6681128144264221
14, 3, 445544, 3.2718987464904785, 0.006147541105747223
14, 8, 445544, 2.189262866973877, 0.18592964112758636
14, 6, 445544, 1.603758692741394, 0.513323962688446
14, 0, 445544, 1.3468236923217773, 0.5389049053192139
14, 7, 445544, 1.3426443338394165, 0.5005903244018555
14, 4, 445544, 0.4030168354511261, 0.8966005444526672
14, 2, 445544, 2.5511975288391113, 0.04431137815117836
15, 9, 445544, 4.252021312713623, 0.0
15, 5, 445544, 3.4583539962768555, 0.17345598340034485
15, 3, 445544, 4.273538112640381, 0.19262294471263885
15, 6, 445544, 3.108747720718384, 0.056100983172655106
15, 1, 445544, 3.2870161533355713, 0.0
15, 8, 445544, 2.328627109527588, 0.2733668386936188
15, 0, 445544, 2.3676071166992188, 0.3631123900413513
15, 7, 445544, 3.7017152309417725, 0.17119243741035461
15, 4, 445544, 4.0327372550964355, 0.015580736100673676
15, 2, 445544, 0.19871538877487183, 0.9413173794746399
16, 9, 445544, 3.215200662612915, 0.003870967775583267
16, 5, 445544, 1.8103407621383667, 0.38370564579963684
16, 1, 445544, 0.6868002414703369, 0.8047722578048706
16, 8, 445544, 1.3975884914398193, 0.5336683392524719
16, 6, 445544, 1.3529601097106934, 0.5497896075248718
16, 3, 445544, 2.0002200603485107, 0.34221312403678894
16, 0, 445544, 0.6894936561584473, 0.7780979871749878
16, 7, 445544, 2.1074254512786865, 0.29515939950942993
16, 4, 445544, 2.8544669151306152, 0.14447592198848724
16, 2, 445544, 0.2962728440761566, 0.940119743347168
17, 9, 445544, 0.06629367172718048, 0.9754838943481445
17, 5, 445544, 6.655252456665039, 0.0
17, 3, 445544, 7.204278945922852, 0.006147541105747223
17, 1, 445544, 8.208659172058105, 0.0
17, 8, 445544, 5.681128978729248, 0.18994975090026855
17, 6, 445544, 4.217907905578613, 0.2524544298648834
17, 0, 445544, 4.695065975189209, 0.10086455196142197
17, 7, 445544, 4.228362083435059, 0.29870128631591797
17, 4, 445544, 0.524224042892456, 0.8427761793136597
17, 2, 445544, 3.795947790145874, 0.3520958125591278
18, 9, 445544, 3.1350934505462646, 0.012903225608170033
18, 5, 445544, 0.3269806206226349, 0.9053876399993896
18, 1, 445544, 0.4185677468776703, 0.924078106880188
18, 8, 445544, 2.190185308456421, 0.4130653142929077
18, 3, 445544, 1.0802260637283325, 0.7090163826942444
18, 6, 445544, 1.9872199296951294, 0.3309957981109619
18, 0, 445544, 1.786795973777771, 0.6080691814422607
18, 7, 445544, 1.7890578508377075, 0.5064935088157654
18, 4, 445544, 2.796583414077759, 0.14730878174304962
18, 2, 445544, 4.431403160095215, 0.0455089807510376
19, 9, 445544, 2.7853903770446777, 0.050322581082582474
19, 5, 445544, 3.7008090019226074, 0.06044678017497063
19, 1, 445544, 3.766129970550537, 0.0
19, 6, 445544, 3.105884552001953, 0.023842917755246162
19, 8, 445544, 2.3326544761657715, 0.2552763819694519
19, 3, 445544, 5.311272621154785, 0.16598360240459442
19, 0, 445544, 2.27064847946167, 0.36023053526878357
19, 7, 445544, 2.460035800933838, 0.18063753843307495
19, 4, 445544, 2.835529327392578, 0.06373937427997589
19, 2, 445544, 0.059101395308971405, 0.9868263602256775
20, 9, 445544, 2.7853899002075195, 0.050322581082582474
20, 5, 445544, 3.7008090019226074, 0.06044678017497063
20, 1, 445544, 3.766129732131958, 0.0
20, 3, 445544, 5.311272621154785, 0.16598360240459442
20, 6, 445544, 3.105884552001953, 0.023842917755246162
20, 8, 445544, 2.3326544761657715, 0.2552763819694519
20, 0, 445544, 2.27064847946167, 0.36023053526878357
20, 7, 445544, 2.460035562515259, 0.18063753843307495
20, 4, 445544, 2.835529327392578, 0.06373937427997589
20, 2, 445544, 0.0591014064848423, 0.9868263602256775
21, 9, 445544, 2.717238187789917, 0.45935484766960144
21, 5, 445544, 3.7605538368225098, 0.0013140604132786393
21, 3, 445544, 3.3464269638061523, 0.014344261959195137
21, 1, 445544, 2.9146838188171387, 0.12581345438957214
21, 8, 445544, 2.560274839401245, 0.31457287073135376
21, 6, 445544, 0.05223677307367325, 0.9887797832489014
21, 0, 445544, 1.8122729063034058, 0.5706051588058472
21, 7, 445544, 2.1377251148223877, 0.43565526604652405
21, 4, 445544, 2.7047054767608643, 0.4844192564487457
21, 2, 445544, 3.9315667152404785, 0.1173652708530426
22, 5, 445544, 3.7605538368225098, 0.0013140604132786393
22, 9, 445544, 2.717238187789917, 0.45935484766960144
22, 3, 445544, 3.3464269638061523, 0.014344261959195137
22, 1, 445544, 2.9146840572357178, 0.12581345438957214
22, 8, 445544, 2.560274839401245, 0.31457287073135376
22, 6, 445544, 0.05223677307367325, 0.9887797832489014
22, 0, 445544, 1.8122729063034058, 0.5706051588058472
22, 7, 445544, 2.1377251148223877, 0.43565526604652405
22, 4, 445544, 2.704705238342285, 0.4844192564487457
22, 2, 445544, 3.9315667152404785, 0.1173652708530426
23, 9, 445544, 5.8134870529174805, 0.0
23, 5, 445544, 0.5570319890975952, 0.8541392683982849
23, 1, 445544, 5.088719367980957, 0.004338394850492477
23, 3, 445544, 0.2406013458967209, 0.9323770403862
23, 6, 445544, 4.218845844268799, 0.009817671962082386
23, 8, 445544, 4.163116931915283, 0.18090452253818512
23, 0, 445544, 2.6380836963653564, 0.31700289249420166
23, 7, 445544, 2.5425844192504883, 0.383707195520401
23, 4, 445544, 5.795865058898926, 0.007082153111696243
23, 2, 445544, 3.1281864643096924, 0.3149700462818146
24, 9, 445544, 0.09997675567865372, 0.9690322875976562
24, 5, 445544, 5.276552677154541, 0.00394218135625124
24, 1, 445544, 3.3954977989196777, 0.0
24, 8, 445544, 3.2669551372528076, 0.017085427418351173
24, 3, 445544, 5.662868499755859, 0.03893442451953888
24, 6, 445544, 3.6009154319763184, 0.23842917382717133
24, 0, 445544, 3.3865411281585693, 0.12680114805698395
24, 7, 445544, 2.0652170181274414, 0.327036589384079
24, 4, 445544, 0.7458052635192871, 0.8229461908340454
24, 2, 445544, 2.3970508575439453, 0.1664670705795288
25, 5, 445544, 5.276552677154541, 0.00394218135625124
25, 9, 445544, 0.09997677057981491, 0.9690322875976562
25, 1, 445544, 3.3954977989196777, 0.0
25, 3, 445544, 5.662868022918701, 0.03893442451953888
25, 8, 445544, 3.2669551372528076, 0.017085427418351173
25, 6, 445544, 3.6009154319763184, 0.23842917382717133
25, 0, 445544, 3.3865411281585693, 0.12680114805698395
25, 7, 445544, 2.0652170181274414, 0.327036589384079
25, 4, 445544, 0.7458052635192871, 0.8229461908340454
25, 2, 445544, 2.3970508575439453, 0.1664670705795288
26, 9, 445544, 2.094074249267578, 0.2154838740825653
26, 5, 445544, 0.49967601895332336, 0.8475689888000488
26, 3, 445544, 0.9140267372131348, 0.7008196711540222
26, 8, 445544, 1.6823164224624634, 0.4381909668445587
26, 1, 445544, 0.3330152928829193, 0.9349240660667419
26, 6, 445544, 1.0687940120697021, 0.5708274841308594
26, 0, 445544, 1.1415406465530396, 0.6541786789894104
26, 7, 445544, 1.2458019256591797, 0.5938606858253479
26, 4, 445544, 1.9145618677139282, 0.2889518439769745
26, 2, 445544, 3.094832181930542, 0.12335329502820969
27, 9, 445544, 0.4405655860900879, 0.8670967817306519
27, 5, 445544, 2.874368667602539, 0.09724047034978867
27, 1, 445544, 4.7018842697143555, 0.013015184551477432
27, 8, 445544, 1.9556797742843628, 0.4030150771141052
27, 3, 445544, 3.922194242477417, 0.16598360240459442
27, 6, 445544, 1.2458444833755493, 0.5021038055419922
27, 0, 445544, 1.3055204153060913, 0.4927953779697418
27, 7, 445544, 1.2862796783447266, 0.46989375352859497
27, 4, 445544, 0.6218525767326355, 0.8059490323066711
27, 2, 445544, 0.11508265882730484, 0.9664670825004578
28, 9, 445544, 0.6718569397926331, 0.7987096905708313
28, 5, 445544, 0.36428672075271606, 0.9342969655990601
28, 1, 445544, 0.9791958928108215, 0.5943601131439209
28, 3, 445544, 1.0564998388290405, 0.686475396156311
28, 8, 445544, 0.9416671395301819, 0.619095504283905
28, 6, 445544, 0.6881338953971863, 0.7755960822105408
28, 0, 445544, 0.9267436265945435, 0.7118155360221863
28, 7, 445544, 0.6515905857086182, 0.819362461566925
28, 4, 445544, 0.6159912347793579, 0.8257790207862854
28, 2, 445544, 1.9216103553771973, 0.25269460678100586
29, 9, 445544, 4.735053062438965, 0.05161290243268013
29, 5, 445544, 6.20403528213501, 0.0
29, 1, 445544, 5.013739585876465, 0.030368763953447342
29, 3, 445544, 6.002681255340576, 0.1598360687494278
29, 8, 445544, 3.6119539737701416, 0.2572864294052124
29, 6, 445544, 2.8382813930511475, 0.20336605608463287
29, 0, 445544, 1.8491979837417603, 0.6109510064125061
29, 7, 445544, 4.839090347290039, 0.24439197778701782
29, 4, 445544, 4.20621395111084, 0.16005665063858032
29, 2, 445544, 0.03439302369952202, 0.9856287240982056
30, 9, 445544, 1.057579755783081, 0.6141935586929321
30, 5, 445544, 0.17761346697807312, 0.9632062911987305
30, 1, 445544, 1.3641283512115479, 0.33405640721321106
30, 3, 445544, 0.4828658401966095, 0.8606557250022888
30, 8, 445544, 1.4707375764846802, 0.4010050296783447
30, 6, 445544, 1.0101338624954224, 0.5371668934822083
30, 0, 445544, 0.855638861656189, 0.7435158491134644
30, 7, 445544, 0.7503941059112549, 0.759149968624115
30, 4, 445544, 0.9571729302406311, 0.6444759368896484
30, 2, 445544, 2.3741323947906494, 0.22395209968090057
31, 9, 445544, 4.00170373916626, 0.07741935551166534
31, 5, 445544, 5.308801651000977, 0.02365308813750744
31, 1, 445544, 3.6675641536712646, 0.015184381976723671
31, 3, 445544, 7.173983573913574, 0.16598360240459442
31, 8, 445544, 2.616158962249756, 0.25628140568733215
31, 6, 445544, 2.782815933227539, 0.13604487478733063
31, 0, 445544, 1.747174620628357, 0.5475504398345947
31, 7, 445544, 3.8261258602142334, 0.2266824096441269
31, 4, 445544, 3.6095023155212402, 0.1487252116203308
31, 2, 445544, 0.013608863577246666, 1.0
32, 9, 445544, 1.540952205657959, 0.47354838252067566
32, 5, 445544, 0.28089040517807007, 0.947437584400177
32, 1, 445544, 2.272494077682495, 0.1149674654006958
32, 3, 445544, 0.568842351436615, 0.8934426307678223
32, 8, 445544, 0.7920152544975281, 0.7015075087547302
32, 6, 445544, 0.937017023563385, 0.6760168075561523
32, 0, 445544, 0.46426495909690857, 0.8731988668441772
32, 7, 445544, 0.6167388558387756, 0.7839433550834656
32, 4, 445544, 1.3927159309387207, 0.5297450423240662
32, 2, 445544, 0.3951868414878845, 0.912574827671051
33, 9, 445544, 0.06015500798821449, 0.9754838943481445
33, 5, 445544, 2.356609582901001, 0.2864651679992676
33, 3, 445544, 3.9444010257720947, 0.08606557548046112
33, 1, 445544, 3.999558210372925, 0.0
33, 8, 445544, 2.964488983154297, 0.28944724798202515
33, 6, 445544, 3.1601200103759766, 0.2468443214893341
33, 0, 445544, 2.4527108669281006, 0.23631124198436737
33, 7, 445544, 1.2629200220108032, 0.6127508878707886
33, 4, 445544, 0.504870593547821, 0.8371104598045349
33, 2, 445544, 1.9118387699127197, 0.35688623785972595
34, 9, 445544, 0.060155000537633896, 0.9754838943481445
34, 5, 445544, 2.356609582901001, 0.2864651679992676
34, 1, 445544, 3.999558210372925, 0.0
34, 8, 445544, 2.9644887447357178, 0.28944724798202515
34, 3, 445544, 3.9444010257720947, 0.08606557548046112
34, 6, 445544, 3.1601200103759766, 0.2468443214893341
34, 0, 445544, 2.4527106285095215, 0.23631124198436737
34, 7, 445544, 1.2629200220108032, 0.6127508878707886
34, 4, 445544, 0.504870593547821, 0.8371104598045349
34, 2, 445544, 1.9118387699127197, 0.35688623785972595
35, 9, 445544, 4.041743278503418, 0.006451612804085016
35, 5, 445544, 0.7040799856185913, 0.7674112915992737
35, 1, 445544, 1.5014476776123047, 0.41431671380996704
35, 8, 445544, 2.5755412578582764, 0.26231154799461365
35, 3, 445544, 0.0804620087146759, 0.9713114500045776
35, 6, 445544, 2.7654225826263428, 0.3015427887439728
35, 0, 445544, 0.5936338901519775, 0.8040345907211304
35, 7, 445544, 1.9843204021453857, 0.3801652789115906
35, 4, 445544, 3.5507473945617676, 0.1260623186826706
35, 2, 445544, 0.9339823126792908, 0.7245509028434753
36, 9, 445544, 0.29416289925575256, 0.9187096953392029
36, 5, 445544, 0.5446707606315613, 0.8409987092018127
36, 1, 445544, 0.8127720952033997, 0.7895878553390503
36, 3, 445544, 0.4369886815547943, 0.8913934230804443
36, 8, 445544, 1.464236855506897, 0.5135678648948669
36, 6, 445544, 1.274461269378662, 0.49649369716644287
36, 0, 445544, 0.6290453672409058, 0.7550432085990906
36, 7, 445544, 0.6630854606628418, 0.8063754439353943
36, 4, 445544, 0.36151444911956787, 0.8866855502128601
36, 2, 445544, 0.8943400979042053, 0.6778442859649658
37, 9, 445544, 0.29416292905807495, 0.9187096953392029
37, 5, 445544, 0.544670820236206, 0.8409987092018127
37, 1, 445544, 0.8127720355987549, 0.7895878553390503
37, 3, 445544, 0.4369886517524719, 0.8913934230804443
37, 8, 445544, 1.464236855506897, 0.5135678648948669
37, 6, 445544, 1.274461269378662, 0.49649369716644287
37, 0, 445544, 0.6290453672409058, 0.7550432085990906
37, 7, 445544, 0.6630855798721313, 0.8063754439353943
37, 4, 445544, 0.36151444911956787, 0.8866855502128601
37, 2, 445544, 0.8943399786949158, 0.6778442859649658
38, 9, 445544, 1.8747072219848633, 0.5470967888832092
38, 5, 445544, 1.345888376235962, 0.612352192401886
38, 1, 445544, 0.6352183818817139, 0.7895878553390503
38, 3, 445544, 3.0000569820404053, 0.12909835577011108
38, 8, 445544, 0.3000825047492981, 0.9085426926612854
38, 6, 445544, 0.08602438867092133, 0.9733520150184631
38, 0, 445544, 0.5664203763008118, 0.8155619502067566
38, 7, 445544, 0.41825610399246216, 0.8701298832893372
38, 4, 445544, 1.7739814519882202, 0.5665722489356995
38, 2, 445544, 0.8216387629508972, 0.71257483959198
39, 5, 445544, 0.45555251836776733, 0.8646517992019653
39, 9, 445544, 0.3645446300506592, 0.8812903165817261
39, 1, 445544, 1.348652720451355, 0.5206073522567749
39, 8, 445544, 1.0826689004898071, 0.647236168384552
39, 3, 445544, 0.365083247423172, 0.9098360538482666
39, 6, 445544, 1.0111230611801147, 0.6549789905548096
39, 0, 445544, 0.7763112783432007, 0.7204610705375671
39, 7, 445544, 0.5997396111488342, 0.8146399259567261
39, 4, 445544, 0.4924384355545044, 0.844192624092102
39, 2, 445544, 0.6208869814872742, 0.798802375793457
40, 9, 445544, 2.4447271823883057, 0.27225807309150696
40, 5, 445544, 2.594238519668579, 0.3758212924003601
40, 1, 445544, 0.10231050103902817, 0.9609544277191162
40, 3, 445544, 4.729825019836426, 0.11885245889425278
40, 6, 445544, 0.8743967413902283, 0.7461430430412292
40, 8, 445544, 0.2746773660182953, 0.9075376987457275
40, 0, 445544, 1.1953067779541016, 0.6858789920806885
40, 7, 445544, 1.4121482372283936, 0.5761511325836182
40, 4, 445544, 2.2462539672851562, 0.38243627548217773
40, 2, 445544, 1.1115357875823975, 0.6718562841415405
41, 5, 445544, 0.4232115149497986, 0.8685939311981201
41, 9, 445544, 0.2520371973514557, 0.9122580885887146
41, 8, 445544, 1.367055058479309, 0.6321607828140259
41, 3, 445544, 0.4177265167236328, 0.881147563457489
41, 1, 445544, 3.403951406478882, 0.0759219080209732
41, 6, 445544, 0.49860191345214844, 0.8906030654907227
41, 0, 445544, 0.38460081815719604, 0.8818444013595581
41, 7, 445544, 0.39413192868232727, 0.885478138923645
41, 4, 445544, 0.2885627746582031, 0.8966005444526672
41, 2, 445544, 0.6567295789718628, 0.7808383107185364
42, 9, 445544, 2.5822432041168213, 0.25161290168762207
42, 5, 445544, 1.8588037490844727, 0.559789776802063
42, 1, 445544, 0.11791113764047623, 0.9609544277191162
42, 8, 445544, 0.25631776452064514, 0.8994975090026855
42, 3, 445544, 4.251707553863525, 0.13729508221149445
42, 6, 445544, 1.0882837772369385, 0.6760168075561523
42, 0, 445544, 1.3319488763809204, 0.6541786789894104
42, 7, 445544, 1.3976097106933594, 0.586776852607727
42, 4, 445544, 2.3653323650360107, 0.34560906887054443
42, 2, 445544, 1.2822790145874023, 0.5760478973388672
43, 9, 445544, 2.484238862991333, 0.25161290168762207
43, 5, 445544, 0.1568259298801422, 0.9566360116004944
43, 1, 445544, 1.2627878189086914, 0.5162689685821533
43, 8, 445544, 0.5638442039489746, 0.8160803914070129
43, 3, 445544, 0.1424531638622284, 0.9569672346115112
43, 6, 445544, 1.1442629098892212, 0.6816269159317017
43, 0, 445544, 0.46296951174736023, 0.8357348442077637
43, 7, 445544, 1.0905725955963135, 0.6930342316627502
43, 4, 445544, 2.216881275177002, 0.3371104896068573
43, 2, 445544, 0.33283329010009766, 0.9017964005470276
44, 9, 445544, 0.04937124252319336, 0.9780645370483398
44, 5, 445544, 4.617432117462158, 0.02890932932496071
44, 3, 445544, 5.690395355224609, 0.02049180306494236
44, 1, 445544, 2.664365768432617, 0.06290672719478607
44, 6, 445544, 1.9095454216003418, 0.5077139139175415
44, 8, 445544, 2.8270556926727295, 0.2653266191482544
44, 0, 445544, 2.6245758533477783, 0.47262248396873474
44, 7, 445544, 2.4839305877685547, 0.4616292715072632
44, 4, 445544, 0.13155217468738556, 0.9475920796394348
44, 2, 445544, 3.2067418098449707, 0.48742514848709106
45, 9, 445544, 0.09222438931465149, 0.9716129302978516
45, 5, 445544, 0.6091381311416626, 0.7963206171989441
45, 1, 445544, 1.2872910499572754, 0.4772234261035919
45, 8, 445544, 0.9573420286178589, 0.6261306405067444
45, 3, 445544, 1.4344173669815063, 0.5840163826942444
45, 6, 445544, 0.8170934915542603, 0.6633940935134888
45, 0, 445544, 1.4635626077651978, 0.6829971075057983
45, 7, 445544, 0.8993297815322876, 0.7945690751075745
45, 4, 445544, 0.09311749786138535, 0.9674220681190491
45, 2, 445544, 2.182192325592041, 0.56886225938797
46, 5, 445544, 3.786565065383911, 0.18265439569950104
46, 9, 445544, 3.378350019454956, 0.34838709235191345
46, 3, 445544, 4.294114589691162, 0.19877049326896667
46, 6, 445544, 3.2219672203063965, 0.08415146917104721
46, 1, 445544, 1.8924188613891602, 0.27548807859420776
46, 8, 445544, 1.2375423908233643, 0.47638189792633057
46, 0, 445544, 1.7541855573654175, 0.5446686148643494
46, 4, 445544, 3.052614688873291, 0.34702548384666443
46, 7, 445544, 2.5357069969177246, 0.4675324559211731
46, 2, 445544, 0.014963661320507526, 0.9964072108268738
47, 9, 445544, 0.8018437623977661, 0.7238709926605225
47, 5, 445544, 0.7478868961334229, 0.7463863492012024
47, 3, 445544, 1.2339569330215454, 0.6209016442298889
47, 1, 445544, 1.8176143169403076, 0.2537961006164551
47, 8, 445544, 0.7966286540031433, 0.7125627994537354
47, 6, 445544, 0.04499281942844391, 0.9887797832489014
47, 0, 445544, 1.3937110900878906, 0.651296854019165
47, 7, 445544, 0.864159107208252, 0.7768595218658447
47, 4, 445544, 0.7770141363143921, 0.7280453443527222
47, 2, 445544, 2.654402017593384, 0.329341322183609
48, 9, 445544, 2.6257896423339844, 0.2451612949371338
48, 5, 445544, 3.136289596557617, 0.17739816009998322
48, 1, 445544, 6.724595546722412, 0.010845987126231194
48, 8, 445544, 2.2213852405548096, 0.4773869216442108
48, 3, 445544, 4.57828426361084, 0.17213115096092224
48, 6, 445544, 2.005324363708496, 0.2973352074623108
48, 0, 445544, 1.4471712112426758, 0.5244956612586975
48, 7, 445544, 2.0332577228546143, 0.35537189245224
48, 4, 445544, 2.490522861480713, 0.2719546854496002
48, 2, 445544, 0.02103285677731037, 0.9916167855262756
49, 9, 445544, 1.7797820568084717, 0.39225807785987854
49, 5, 445544, 0.4141494333744049, 0.862023651599884
49, 1, 445544, 1.1385225057601929, 0.4598698616027832
49, 3, 445544, 0.08829529583454132, 0.9754098653793335
49, 8, 445544, 1.9829546213150024, 0.3366834223270416
49, 6, 445544, 1.3777815103530884, 0.49088358879089355
49, 0, 445544, 0.4489321708679199, 0.8559077978134155
49, 4, 445544, 1.6218260526657104, 0.45750707387924194
49, 7, 445544, 1.1833229064941406, 0.5962219834327698
49, 2, 445544, 1.7753056287765503, 0.5556886196136475
50, 9, 445544, 0.18611189723014832, 0.9509677290916443
50, 5, 445544, 1.5912412405014038, 0.6084100008010864
50, 1, 445544, 0.3447291851043701, 0.8741865754127502
50, 3, 445544, 3.6375980377197266, 0.1598360687494278
50, 8, 445544, 0.40297287702560425, 0.8512563109397888
50, 6, 445544, 0.4805581271648407, 0.8106591701507568
50, 0, 445544, 1.0099378824234009, 0.6253602504730225
50, 7, 445544, 0.4215851426124573, 0.8488783836364746
50, 4, 445544, 0.32575398683547974, 0.8951841592788696
50, 2, 445544, 1.1911900043487549, 0.541317343711853
51, 9, 445544, 0.5009120106697083, 0.8361290097236633
51, 5, 445544, 1.3068581819534302, 0.6557161808013916
51, 1, 445544, 2.321882486343384, 0.16485899686813354
51, 3, 445544, 2.783855438232422, 0.27663934230804443
51, 8, 445544, 0.5749571919441223, 0.808040201663971
51, 6, 445544, 0.36276617646217346, 0.8863955140113831
51, 0, 445544, 0.4312887489795685, 0.8818444013595581
51, 7, 445544, 0.3545212149620056, 0.8701298832893372
51, 4, 445544, 0.5190809965133667, 0.8427761793136597
51, 2, 445544, 0.027911581099033356, 0.9976047873497009
52, 9, 445544, 1.615165114402771, 0.5058064460754395
52, 5, 445544, 0.2786637544631958, 0.927726686000824
52, 1, 445544, 1.2335865497589111, 0.5075922012329102
52, 8, 445544, 1.1963613033294678, 0.6211055517196655
52, 3, 445544, 0.06221313029527664, 0.9774590134620667
52, 6, 445544, 0.8394818305969238, 0.7054698467254639
52, 0, 445544, 0.4184767007827759, 0.8703169822692871
52, 7, 445544, 0.9060570001602173, 0.7083825469017029
52, 4, 445544, 1.4787832498550415, 0.5184136033058167
52, 2, 445544, 1.140156865119934, 0.6574850082397461
53, 9, 445544, 0.06270211189985275, 0.9741935729980469
53, 5, 445544, 2.7172608375549316, 0.2746386229991913
53, 1, 445544, 0.542366623878479, 0.8242949843406677
53, 8, 445544, 1.3419160842895508, 0.5658291578292847
53, 6, 445544, 0.8394137620925903, 0.6535764336585999
53, 3, 445544, 4.186997890472412, 0.1147540956735611
53, 0, 445544, 1.5564024448394775, 0.469740629196167
53, 7, 445544, 1.0884345769882202, 0.6517119407653809
53, 4, 445544, 0.2591247856616974, 0.8966005444526672
53, 2, 445544, 2.2282745838165283, 0.27784430980682373
54, 9, 445544, 5.470993518829346, 0.02064516209065914
54, 5, 445544, 0.4268440008163452, 0.8791064620018005
54, 1, 445544, 3.929069757461548, 0.010845987126231194
54, 8, 445544, 2.4624547958374023, 0.31859296560287476
54, 6, 445544, 2.9436562061309814, 0.1907433420419693
54, 3, 445544, 0.060412582010030746, 0.9815573692321777
54, 0, 445544, 2.0624866485595703, 0.46109509468078613
54, 7, 445544, 2.148064136505127, 0.4545454680919647
54, 4, 445544, 5.492142200469971, 0.026912180706858635
54, 2, 445544, 1.7034722566604614, 0.5508981943130493
55, 5, 445544, 1.9588600397109985, 0.3180026412010193
55, 9, 445544, 0.059327904134988785, 0.9741935729980469
55, 3, 445544, 2.376380443572998, 0.18237705528736115
55, 1, 445544, 2.475968599319458, 0.0954446867108345
55, 8, 445544, 1.4476711750030518, 0.5005025267601013
55, 6, 445544, 1.7496635913848877, 0.5063113570213318
55, 0, 445544, 2.4832921028137207, 0.29394811391830444
55, 7, 445544, 1.083997368812561, 0.6765053272247314
55, 4, 445544, 0.5966169834136963, 0.8328611850738525
55, 2, 445544, 1.8608759641647339, 0.3784431219100952
56, 9, 445544, 2.1544785499572754, 0.263225793838501
56, 5, 445544, 0.4701880216598511, 0.8383705615997314
56, 1, 445544, 0.7840912938117981, 0.7071583271026611
56, 3, 445544, 0.051952626556158066, 0.9856557250022888
56, 8, 445544, 1.3418824672698975, 0.5155779123306274
56, 6, 445544, 1.2928742170333862, 0.5329593420028687
56, 0, 445544, 0.5914671421051025, 0.8069164156913757
56, 7, 445544, 1.1446903944015503, 0.6092090010643005
56, 4, 445544, 2.057767868041992, 0.34277620911598206
56, 2, 445544, 0.8277184963226318, 0.7233532667160034
57, 9, 445544, 0.1602233499288559, 0.9599999785423279
57, 5, 445544, 0.8993077278137207, 0.7542706727981567
57, 8, 445544, 1.5486514568328857, 0.6241205930709839
57, 3, 445544, 0.8961794376373291, 0.7520492076873779
57, 6, 445544, 0.49402227997779846, 0.8359046578407288
57, 1, 445544, 3.9761886596679688, 0.08459869772195816
57, 0, 445544, 0.4460809826850891, 0.8731988668441772
57, 7, 445544, 0.6070533394813538, 0.8441558480262756
57, 4, 445544, 0.15696454048156738, 0.9603399634361267
57, 2, 445544, 0.3160494565963745, 0.8754491209983826
58, 5, 445544, 0.7962864637374878, 0.7621550559997559
58, 9, 445544, 0.17979466915130615, 0.948387086391449
58, 1, 445544, 0.43183472752571106, 0.8590021729469299
58, 3, 445544, 0.6589739918708801, 0.7930327653884888
58, 8, 445544, 0.7662794589996338, 0.7758793830871582
58, 6, 445544, 0.44699910283088684, 0.8597475290298462
58, 0, 445544, 0.3873143196105957, 0.8760806918144226
58, 7, 445544, 0.5810779929161072, 0.8382526636123657
58, 4, 445544, 0.17656931281089783, 0.9532577991485596
58, 2, 445544, 0.3682178556919098, 0.8754491209983826
59, 5, 445544, 0.49384748935699463, 0.8488830327987671
59, 9, 445544, 1.217626929283142, 0.6477419137954712
59, 3, 445544, 1.0756776332855225, 0.6618852615356445
59, 1, 445544, 0.46263977885246277, 0.8308026194572449
59, 6, 445544, 0.48962458968162537, 0.8569424748420715
59, 8, 445544, 0.12352372705936432, 0.9587939977645874
59, 0, 445544, 0.8877348899841309, 0.7463976740837097
59, 4, 445544, 1.1961923837661743, 0.6685552597045898
59, 7, 445544, 0.6047417521476746, 0.820543110370636
59, 2, 445544, 0.8839331269264221, 0.7209580540657043
60, 9, 445544, 0.18172352015972137, 0.9341935515403748
60, 5, 445544, 0.31599825620651245, 0.8975032567977905
60, 1, 445544, 1.911117672920227, 0.3297179937362671
60, 8, 445544, 0.9883469939231873, 0.6693467497825623
60, 3, 445544, 0.12551026046276093, 0.9692623019218445
60, 6, 445544, 0.6267206072807312, 0.8064516186714172
60, 0, 445544, 0.4684782922267914, 0.8559077978134155
60, 7, 445544, 0.4446398913860321, 0.8748524188995361
60, 4, 445544, 0.27556484937667847, 0.9164305925369263
60, 2, 445544, 0.32840973138809204, 0.9113772511482239
61, 9, 445544, 0.9618273377418518, 0.6941935420036316
61, 5, 445544, 0.7332798838615417, 0.7582128643989563
61, 1, 445544, 0.18512411415576935, 0.9327548742294312
61, 3, 445544, 1.7259842157363892, 0.4446721374988556
61, 6, 445544, 0.5117329955101013, 0.842917263507843
61, 8, 445544, 0.06730891019105911, 0.979899525642395
61, 0, 445544, 0.7254747152328491, 0.7694524526596069
61, 7, 445544, 0.4595825970172882, 0.8524203300476074
61, 4, 445544, 0.995730459690094, 0.6841359734535217
61, 2, 445544, 0.4411577582359314, 0.8646706342697144
62, 9, 445544, 0.19452904164791107, 0.9341935515403748
62, 5, 445544, 0.33536189794540405, 0.8961892127990723
62, 1, 445544, 2.707163095474243, 0.16919739544391632
62, 3, 445544, 0.2298882156610489, 0.9241803288459778
62, 8, 445544, 0.9604601860046387, 0.7185929417610168
62, 6, 445544, 0.3587181270122528, 0.896213173866272
62, 0, 445544, 0.2580983638763428, 0.9250720739364624
62, 4, 445544, 0.17953813076019287, 0.9490085244178772
62, 7, 445544, 0.31212860345840454, 0.9102715253829956
62, 2, 445544, 0.19063065946102142, 0.9329341053962708
63, 9, 445544, 1.4367215633392334, 0.540645182132721
63, 5, 445544, 1.3887447118759155, 0.632063090801239
63, 1, 445544, 0.052335236221551895, 0.9761388301849365
63, 8, 445544, 0.20195139944553375, 0.9306532740592957
63, 3, 445544, 2.8624565601348877, 0.2704918086528778
63, 6, 445544, 0.589674711227417, 0.8078541159629822
63, 0, 445544, 0.6373748183250427, 0.8040345907211304
63, 7, 445544, 0.8142185211181641, 0.7355371713638306
63, 4, 445544, 1.2917985916137695, 0.600566565990448
63, 2, 445544, 0.7672843337059021, 0.7497006058692932
64, 9, 445544, 1.1606367826461792, 0.6064516305923462
64, 5, 445544, 0.1241227313876152, 0.96714848279953
64, 3, 445544, 0.12580187618732452, 0.9672130942344666
64, 1, 445544, 0.5876830220222473, 0.8134490251541138
64, 8, 445544, 0.40512746572494507, 0.8633165955543518
64, 6, 445544, 0.7321663498878479, 0.7447405457496643
64, 0, 445544, 0.40034615993499756, 0.8616714477539062
64, 7, 445544, 0.5336498618125916, 0.8264462947845459
64, 4, 445544, 1.0841896533966064, 0.6303116083145142
64, 2, 445544, 0.30359360575675964, 0.910179615020752
65, 9, 445544, 0.05341525748372078, 0.9754838943481445
65, 5, 445544, 2.737476348876953, 0.28120893239974976
65, 1, 445544, 1.599664330482483, 0.4208242893218994
65, 8, 445544, 1.448224425315857, 0.552763819694519
65, 3, 445544, 3.8861944675445557, 0.16393442451953888
65, 6, 445544, 1.0357245206832886, 0.6451612710952759
65, 0, 445544, 1.3565123081207275, 0.7060518860816956
65, 7, 445544, 1.1207635402679443, 0.7331759333610535
65, 4, 445544, 0.09400543570518494, 0.9631727933883667
65, 2, 445544, 1.8845317363739014, 0.6347305178642273
66, 9, 445544, 1.402319312095642, 0.5883870720863342
66, 5, 445544, 0.278233140707016, 0.9185282588005066
66, 8, 445544, 0.7634777426719666, 0.7437185645103455
66, 1, 445544, 1.153502106666565, 0.6030368804931641
66, 6, 445544, 1.3581610918045044, 0.573632538318634
66, 3, 445544, 0.08534225821495056, 0.9733606576919556
66, 0, 445544, 0.7102933526039124, 0.7809798121452332
66, 7, 445544, 0.9208171367645264, 0.7225501537322998
66, 4, 445544, 1.3695756196975708, 0.6048158407211304
66, 2, 445544, 0.11724697053432465, 0.9616766571998596
67, 9, 445544, 0.13446977734565735, 0.9509677290916443
67, 5, 445544, 1.455182433128357, 0.5295663475990295
67, 1, 445544, 2.0150222778320312, 0.33405640721321106
67, 3, 445544, 2.505793809890747, 0.23565573990345
67, 8, 445544, 1.1623529195785522, 0.635175883769989
67, 6, 445544, 0.046329569071531296, 0.9859747290611267
67, 0, 445544, 1.3005971908569336, 0.6974063515663147
67, 7, 445544, 1.2150142192840576, 0.654073178768158
67, 4, 445544, 0.15962469577789307, 0.9490085244178772
67, 2, 445544, 2.08858060836792, 0.5233532786369324
68, 9, 445544, 2.280773401260376, 0.3380645215511322
68, 5, 445544, 0.5112494826316833, 0.8541392683982849
68, 1, 445544, 0.5861296653747559, 0.7874186635017395
68, 8, 445544, 1.3138384819030762, 0.5437185764312744
68, 3, 445544, 0.068397156894207, 0.9877049326896667
68, 6, 445544, 1.4371203184127808, 0.474053293466568
68, 0, 445544, 0.5929343104362488, 0.8097983002662659
68, 7, 445544, 1.396561622619629, 0.6115702390670776
68, 4, 445544, 2.0814425945281982, 0.43201133608818054
68, 2, 445544, 0.6796432137489319, 0.7808383107185364
69, 9, 445544, 0.1366402953863144, 0.9496774077415466
69, 5, 445544, 0.3437883257865906, 0.8883048892021179
69, 1, 445544, 0.5045287609100342, 0.839479386806488
69, 3, 445544, 0.22301189601421356, 0.9282786846160889
69, 6, 445544, 0.7757364511489868, 0.7615708112716675
69, 8, 445544, 0.6895596981048584, 0.7849246263504028
69, 0, 445544, 0.7726718187332153, 0.7146974205970764
69, 7, 445544, 0.5383979678153992, 0.8276269435882568
69, 4, 445544, 0.29083698987960815, 0.899433434009552
69, 2, 445544, 0.45498204231262207, 0.8347305655479431
70, 9, 445544, 0.23314492404460907, 0.9354838728904724
70, 5, 445544, 0.3454188108444214, 0.9027595520019531
70, 1, 445544, 0.8399539589881897, 0.735357940196991
70, 8, 445544, 0.5197669267654419, 0.8582914471626282
70, 3, 445544, 0.5965338945388794, 0.811475396156311
70, 6, 445544, 0.377975195646286, 0.894810676574707
70, 0, 445544, 0.0998748391866684, 0.9682996869087219
70, 7, 445544, 0.070699043571949, 0.9763872623443604
70, 4, 445544, 0.25545766949653625, 0.9362606406211853
70, 2, 445544, 0.3151204288005829, 0.9053892493247986
71, 9, 445544, 1.064541220664978, 0.6658064723014832
71, 5, 445544, 0.19280841946601868, 0.9434953927993774
71, 3, 445544, 0.05038854107260704, 0.9836065769195557
71, 1, 445544, 0.5064607262611389, 0.8156182169914246
71, 8, 445544, 0.8802171349525452, 0.6964824199676514
71, 6, 445544, 0.9064773917198181, 0.6802244186401367
71, 0, 445544, 0.2779185175895691, 0.9221901893615723
71, 7, 445544, 0.5489040613174438, 0.8181818127632141
71, 4, 445544, 0.9684507846832275, 0.698300302028656
71, 2, 445544, 0.5950851440429688, 0.8167664408683777
72, 9, 445544, 0.5929788947105408, 0.7845161557197571
72, 5, 445544, 0.47018834948539734, 0.8304861783981323
72, 1, 445544, 0.42287805676460266, 0.9067245125770569
72, 3, 445544, 0.6762003898620605, 0.7868852615356445
72, 8, 445544, 0.3789316713809967, 0.8894472122192383
72, 6, 445544, 0.041000284254550934, 0.9873772859573364
72, 0, 445544, 0.23362916707992554, 0.9193083643913269
72, 7, 445544, 0.2622089087963104, 0.9244391918182373
72, 4, 445544, 0.6095584630966187, 0.7861189842224121
72, 2, 445544, 0.46802130341529846, 0.8467065691947937
73, 5, 445544, 0.5710402131080627, 0.8134034276008606
73, 9, 445544, 0.10308443754911423, 0.9638709425926208
73, 1, 445544, 0.6262399554252625, 0.8221257925033569
73, 3, 445544, 0.8071365356445312, 0.7213114500045776
73, 8, 445544, 0.5009828805923462, 0.8412060141563416
73, 6, 445544, 0.08553677052259445, 0.9845722317695618
73, 0, 445544, 0.2985597550868988, 0.8962535858154297
73, 7, 445544, 0.31507813930511475, 0.8925619721412659
73, 4, 445544, 0.13027948141098022, 0.9617563486099243
73, 2, 445544, 0.5823636054992676, 0.8071856498718262
74, 9, 445544, 1.547215223312378, 0.5793548226356506
74, 5, 445544, 0.45633628964424133, 0.8738502264022827
74, 3, 445544, 0.5542542338371277, 0.8709016442298889
74, 1, 445544, 1.9085835218429565, 0.33405640721321106
74, 8, 445544, 0.5726631879806519, 0.80402010679245
74, 6, 445544, 0.9104980826377869, 0.7433379888534546
74, 0, 445544, 0.5604957938194275, 0.8328530192375183
74, 7, 445544, 1.1108568906784058, 0.6788665652275085
74, 4, 445544, 1.345436692237854, 0.6402266025543213
74, 2, 445544, 0.0240656565874815, 0.9952095746994019
75, 5, 445544, 1.3387200832366943, 0.5098554491996765
75, 9, 445544, 0.057723354548215866, 0.9832258224487305
75, 3, 445544, 0.8359171152114868, 0.7377049326896667
75, 1, 445544, 0.6501393914222717, 0.8026030659675598
75, 8, 445544, 0.9800321459770203, 0.6623115539550781
75, 6, 445544, 0.8214201331138611, 0.6970546841621399
75, 0, 445544, 1.499763011932373, 0.5763688683509827
75, 7, 445544, 0.9492208957672119, 0.6894923448562622
75, 4, 445544, 0.20821158587932587, 0.9235127568244934
75, 2, 445544, 1.9438410997390747, 0.4682634770870209
76, 9, 445544, 1.8029553890228271, 0.45290321111679077
76, 5, 445544, 1.273188591003418, 0.6780551671981812
76, 3, 445544, 2.317082166671753, 0.4303278625011444
76, 1, 445544, 4.192105770111084, 0.06941431760787964
76, 8, 445544, 1.1793862581253052, 0.7075377106666565
76, 6, 445544, 0.9328997731208801, 0.7054698467254639
76, 0, 445544, 0.5989818572998047, 0.8155619502067566
76, 7, 445544, 0.9299182295799255, 0.7190082669258118
76, 4, 445544, 1.7734143733978271, 0.4872521162033081
76, 2, 445544, 0.022288335487246513, 0.9928143620491028
77, 9, 445544, 1.6325961351394653, 0.522580623626709
77, 5, 445544, 0.18887989223003387, 0.9448094367980957
77, 1, 445544, 1.508772373199463, 0.4663774371147156
77, 3, 445544, 0.03586307168006897, 0.9918032884597778
77, 8, 445544, 2.662580966949463, 0.4834170937538147
77, 6, 445544, 1.057559609413147, 0.6451612710952759
77, 0, 445544, 0.6128515005111694, 0.7982708811759949
77, 7, 445544, 0.7430946826934814, 0.7650531530380249
77, 4, 445544, 1.6990084648132324, 0.5099149942398071
77, 2, 445544, 3.4293928146362305, 0.5341317653656006
78, 5, 445544, 2.204510450363159, 0.5295663475990295
78, 9, 445544, 1.591310977935791, 0.5716128945350647
78, 3, 445544, 4.309406280517578, 0.22745901346206665
78, 1, 445544, 0.08189304918050766, 0.9718004465103149
78, 6, 445544, 0.46293553709983826, 0.8625525832176208
78, 8, 445544, 0.21032564342021942, 0.9326633214950562
78, 0, 445544, 0.6463446021080017, 0.8242074847221375
78, 7, 445544, 0.5714738368988037, 0.8276269435882568
78, 4, 445544, 1.5028530359268188, 0.6161472797393799
78, 2, 445544, 0.8272526264190674, 0.7329341173171997
79, 9, 445544, 2.3234918117523193, 0.4141935408115387
79, 5, 445544, 0.327237993478775, 0.9067016839981079
79, 1, 445544, 4.906025409698486, 0.0390455536544323
79, 3, 445544, 0.03411037102341652, 0.9877049326896667
79, 6, 445544, 2.360719919204712, 0.3057503402233124
79, 8, 445544, 2.689255714416504, 0.34170854091644287
79, 0, 445544, 0.9287272095680237, 0.6974063515663147
79, 7, 445544, 1.155579924583435, 0.6599763631820679
79, 4, 445544, 2.36661958694458, 0.4022662937641144
79, 2, 445544, 0.9838987588882446, 0.7245509028434753
80, 9, 445544, 0.8628202676773071, 0.7212903499603271
80, 5, 445544, 3.444678544998169, 0.17739816009998322
80, 3, 445544, 3.2757368087768555, 0.15573769807815552
80, 1, 445544, 1.9057401418685913, 0.39045554399490356
80, 8, 445544, 1.1271589994430542, 0.6532663106918335
80, 6, 445544, 0.03130317106842995, 0.991584837436676
80, 0, 445544, 0.865309476852417, 0.8069164156913757
80, 7, 445544, 0.9695262312889099, 0.7237308025360107
80, 4, 445544, 0.8910596966743469, 0.7379603385925293
80, 2, 445544, 1.4162780046463013, 0.6383233666419983
81, 9, 445544, 2.895388126373291, 0.29032257199287415
81, 5, 445544, 0.22306331992149353, 0.9329829216003418
81, 1, 445544, 3.45947003364563, 0.041214749217033386
81, 3, 445544, 0.03734270855784416, 0.9877049326896667
81, 8, 445544, 1.9720231294631958, 0.4251256287097931
81, 6, 445544, 2.5857343673706055, 0.4011220335960388
81, 0, 445544, 2.6377694606781006, 0.4870316982269287
81, 7, 445544, 1.385542869567871, 0.6422668099403381
81, 4, 445544, 3.3610739707946777, 0.24362605810165405
81, 2, 445544, 1.7557141780853271, 0.5700598955154419
82, 5, 445544, 4.424767971038818, 0.0670170858502388
82, 9, 445544, 0.17785240709781647, 0.9522580504417419
82, 1, 445544, 6.327378273010254, 0.08242949843406677
82, 3, 445544, 4.988791465759277, 0.10860655456781387
82, 8, 445544, 3.084153175354004, 0.38090452551841736
82, 6, 445544, 0.7068884372711182, 0.747545599937439
82, 0, 445544, 1.319915771484375, 0.7146974205970764
82, 7, 445544, 2.174201726913452, 0.5383707284927368
82, 4, 445544, 0.1965128630399704, 0.954674243927002
82, 2, 445544, 1.1136080026626587, 0.7353293299674988
83, 5, 445544, 0.24200259149074554, 0.9448094367980957
83, 9, 445544, 0.4794536828994751, 0.841290295124054
83, 1, 445544, 0.12551023066043854, 0.9696312546730042
83, 8, 445544, 0.5736168622970581, 0.8070351481437683
83, 3, 445544, 0.5227152109146118, 0.8278688788414001
83, 6, 445544, 0.3386062681674957, 0.9242636561393738
83, 0, 445544, 0.6401432156562805, 0.8155619502067566
83, 7, 445544, 0.44307851791381836, 0.8606847524642944
83, 4, 445544, 0.42722001671791077, 0.8668555021286011
83, 2, 445544, 1.580995798110962, 0.48742514848709106
84, 5, 445544, 0.9999659061431885, 0.7030223608016968
84, 9, 445544, 0.7390458583831787, 0.7690322399139404
84, 1, 445544, 3.104875087738037, 0.09761388599872589
84, 3, 445544, 2.0448293685913086, 0.48155736923217773
84, 6, 445544, 0.705254852771759, 0.7798036336898804
84, 8, 445544, 0.6827144622802734, 0.8090452551841736
84, 0, 445544, 0.8188449144363403, 0.7665706276893616
84, 7, 445544, 0.49864184856414795, 0.8630460500717163
84, 4, 445544, 0.8259443044662476, 0.7422096133232117
84, 2, 445544, 0.04328697919845581, 0.9868263602256775
85, 9, 445544, 1.2333087921142578, 0.6193548440933228
85, 5, 445544, 0.16719870269298553, 0.947437584400177
85, 1, 445544, 1.1939184665679932, 0.5878524780273438
85, 3, 445544, 0.04272822290658951, 0.9897540807723999
85, 8, 445544, 0.8121098279953003, 0.7457286715507507
85, 0, 445544, 0.1765647679567337, 0.939481258392334
85, 6, 445544, 0.4671357274055481, 0.8695651888847351
85, 7, 445544, 0.4925348162651062, 0.8547815680503845
85, 4, 445544, 1.1106438636779785, 0.643059492111206
85, 2, 445544, 0.8698146939277649, 0.7437126040458679
86, 5, 445544, 1.2381622791290283, 0.5703022480010986
86, 9, 445544, 0.0357905738055706, 0.9883871078491211
86, 1, 445544, 1.7849863767623901, 0.25813448429107666
86, 3, 445544, 1.598394513130188, 0.4549180269241333
86, 8, 445544, 1.651501178741455, 0.4482412040233612
86, 6, 445544, 0.7946617007255554, 0.7265077233314514
86, 0, 445544, 1.3273184299468994, 0.5677233338356018
86, 7, 445544, 1.1053054332733154, 0.6139315366744995
86, 4, 445544, 0.2564641535282135, 0.9093484282493591
86, 2, 445544, 1.7144889831542969, 0.49700599908828735
87, 9, 445544, 3.2976629734039307, 0.2103225737810135
87, 5, 445544, 0.9380599856376648, 0.7253613471984863
87, 1, 445544, 0.03328261896967888, 0.9869847893714905
87, 3, 445544, 2.079747200012207, 0.38729506731033325
87, 8, 445544, 0.10522477328777313, 0.9608040452003479
87, 6, 445544, 0.7803448438644409, 0.7840112447738647
87, 0, 445544, 0.631550133228302, 0.8242074847221375
87, 7, 445544, 1.052915096282959, 0.7048406004905701
87, 4, 445544, 2.819568395614624, 0.34419262409210205
87, 2, 445544, 0.8211259245872498, 0.7652694582939148
88, 9, 445544, 0.1661614626646042, 0.9535483717918396
88, 5, 445544, 0.6710177063941956, 0.8042050004005432
88, 6, 445544, 0.09010901302099228, 0.9803646802902222
88, 8, 445544, 0.703819990158081, 0.8110553026199341
88, 1, 445544, 2.645220994949341, 0.24295011162757874
88, 3, 445544, 1.181229591369629, 0.6557376980781555
88, 0, 445544, 0.37844526767730713, 0.9048991203308105
88, 7, 445544, 0.248809352517128, 0.9244391918182373
88, 4, 445544, 0.1799091249704361, 0.954674243927002
88, 2, 445544, 0.385257750749588, 0.8742514848709106
89, 9, 445544, 0.8586722016334534, 0.7574193477630615
89, 5, 445544, 0.17765678465366364, 0.9540078639984131
89, 1, 445544, 0.7856197357177734, 0.7570499181747437
89, 8, 445544, 0.9626168012619019, 0.7145728468894958
89, 3, 445544, 0.04855431616306305, 0.9877049326896667
89, 6, 445544, 0.6351295113563538, 0.8246844410896301
89, 0, 445544, 0.3331276476383209, 0.8991354703903198
89, 7, 445544, 0.48809337615966797, 0.8583235144615173
89, 4, 445544, 0.8362130522727966, 0.7535410523414612
89, 2, 445544, 1.1508114337921143, 0.6934131979942322
90, 9, 445544, 0.8586720824241638, 0.7574193477630615
90, 5, 445544, 0.17765675485134125, 0.9540078639984131
90, 3, 445544, 0.04855431243777275, 0.9877049326896667
90, 1, 445544, 0.7856196165084839, 0.7570499181747437
90, 6, 445544, 0.6351293921470642, 0.8246844410896301
90, 8, 445544, 0.9626165628433228, 0.7145728468894958
90, 0, 445544, 0.3331276476383209, 0.8991354703903198
90, 7, 445544, 0.4880933463573456, 0.8583235144615173
90, 4, 445544, 0.8362129330635071, 0.7535410523414612
90, 2, 445544, 1.1508110761642456, 0.6934131979942322
91, 9, 445544, 0.7575822472572327, 0.7870967984199524
91, 5, 445544, 0.23167552053928375, 0.9434953927993774
91, 1, 445544, 0.10039731860160828, 0.9718004465103149
91, 8, 445544, 0.10749075561761856, 0.9577889442443848
91, 3, 445544, 0.44396430253982544, 0.8463114500045776
91, 6, 445544, 0.30007418990135193, 0.9256662130355835
91, 0, 445544, 0.3295205533504486, 0.9077810049057007
91, 7, 445544, 0.2828153073787689, 0.9102715253829956
91, 4, 445544, 0.7227104902267456, 0.7960339784622192
91, 2, 445544, 0.33935654163360596, 0.8754491209983826
92, 9, 445544, 0.05691078305244446, 0.9754838943481445
92, 5, 445544, 1.4872522354125977, 0.49408674240112305
92, 1, 445544, 2.257573366165161, 0.22776572406291962
92, 6, 445544, 0.40105634927749634, 0.8751752972602844
92, 3, 445544, 1.738127589225769, 0.47336065769195557
92, 8, 445544, 1.1691135168075562, 0.6030150651931763
92, 0, 445544, 0.8343072533607483, 0.8040345907211304
92, 7, 445544, 0.9368768334388733, 0.7213695645332336
92, 4, 445544, 0.07699982821941376, 0.9730878472328186
92, 2, 445544, 1.0228314399719238, 0.798802375793457
93, 9, 445544, 1.4078882932662964, 0.6309677362442017
93, 5, 445544, 0.2694094777107239, 0.9369251132011414
93, 1, 445544, 1.4719533920288086, 0.5401301383972168
93, 3, 445544, 0.030331699177622795, 0.993852436542511
93, 8, 445544, 1.0139563083648682, 0.6974874138832092
93, 6, 445544, 0.9446244835853577, 0.7026647925376892
93, 0, 445544, 0.3527907431125641, 0.8933717608451843
93, 7, 445544, 0.8137500882148743, 0.7804014086723328
93, 4, 445544, 1.2307699918746948, 0.678470253944397
93, 2, 445544, 0.5965064764022827, 0.8514969944953918
94, 9, 445544, 0.03332849219441414, 0.9870967864990234
94, 5, 445544, 1.8184372186660767, 0.4717476963996887
94, 3, 445544, 2.6332337856292725, 0.3094262182712555
94, 1, 445544, 0.6762811541557312, 0.7570499181747437
94, 8, 445544, 1.4398733377456665, 0.5095477104187012
94, 6, 445544, 1.194978952407837, 0.633941113948822
94, 0, 445544, 1.6437585353851318, 0.5360230803489685
94, 4, 445544, 0.2963869869709015, 0.9050991535186768
94, 7, 445544, 1.2010483741760254, 0.6056670546531677
94, 2, 445544, 1.7536629438400269, 0.48383232951164246
95, 9, 445544, 3.0791444778442383, 0.3316129148006439
95, 5, 445544, 0.3620133399963379, 0.9119579792022705
95, 1, 445544, 3.13252592086792, 0.19739696383476257
95, 8, 445544, 1.5909236669540405, 0.568844199180603
95, 3, 445544, 0.05760527402162552, 0.9856557250022888
95, 6, 445544, 1.4998916387557983, 0.5610098242759705
95, 0, 445544, 0.5895474553108215, 0.8587896227836609
95, 7, 445544, 1.2326674461364746, 0.6977567672729492
95, 4, 445544, 2.7418453693389893, 0.3966005742549896
95, 2, 445544, 0.6026560068130493, 0.8275449275970459
96, 9, 445544, 0.03592102229595184, 0.9832258224487305
96, 5, 445544, 0.9551778435707092, 0.7082785964012146
96, 3, 445544, 1.6349214315414429, 0.4836065471172333
96, 1, 445544, 2.2670459747314453, 0.2668112814426422
96, 8, 445544, 0.7804874777793884, 0.7457286715507507
96, 6, 445544, 1.103176236152649, 0.6704067587852478
96, 0, 445544, 1.5251110792160034, 0.5706051588058472
96, 7, 445544, 0.5843960642814636, 0.819362461566925
96, 4, 445544, 0.3248112201690674, 0.8895184397697449
96, 2, 445544, 0.7668830752372742, 0.7880239486694336
97, 9, 445544, 0.060955993831157684, 0.9729032516479492
97, 5, 445544, 0.5137203335762024, 0.8409987092018127
97, 1, 445544, 0.36344680190086365, 0.9088937044143677
97, 8, 445544, 0.272233784198761, 0.9206030368804932
97, 6, 445544, 0.16268427670001984, 0.9621318578720093
97, 3, 445544, 0.838685929775238, 0.7356557250022888
97, 0, 445544, 0.3718475103378296, 0.8962535858154297
97, 7, 445544, 0.20579034090042114, 0.938606858253479
97, 4, 445544, 0.07013653218746185, 0.9702549576759338
97, 2, 445544, 0.4508090019226074, 0.8658682703971863
98, 9, 445544, 0.5396069884300232, 0.837419331073761
98, 5, 445544, 0.19321845471858978, 0.9513797760009766
98, 3, 445544, 0.06835536658763885, 0.9795082211494446
98, 1, 445544, 0.9517043232917786, 0.6811279654502869
98, 8, 445544, 0.5540872812271118, 0.8261306285858154
98, 6, 445544, 0.4400540888309479, 0.8723702430725098
98, 0, 445544, 0.21969230473041534, 0.9481267929077148
98, 7, 445544, 0.3444683849811554, 0.9055489897727966
98, 4, 445544, 0.4951351583003998, 0.8498583436012268
98, 2, 445544, 0.29092928767204285, 0.9029940366744995
99, 9, 445544, 1.2659859657287598, 0.6348387002944946
99, 5, 445544, 1.0666764974594116, 0.7253613471984863
99, 1, 445544, 0.052169907838106155, 0.9783080220222473
99, 8, 445544, 0.10750076174736023, 0.9628140926361084
99, 3, 445544, 2.563293695449829, 0.3504098355770111
99, 6, 445544, 0.4062395989894867, 0.8793829083442688
99, 0, 445544, 0.5523576736450195, 0.8443803787231445
99, 7, 445544, 0.5675603151321411, 0.8358913660049438
99, 4, 445544, 1.1342922449111938, 0.678470253944397
99, 2, 445544, 0.6410982012748718, 0.8107784390449524
100, 9, 445544, 0.14070084691047668, 0.9470967650413513
100, 5, 445544, 0.20397260785102844, 0.9356110095977783
100, 1, 445544, 2.4188730716705322, 0.26247289776802063
100, 8, 445544, 1.0572301149368286, 0.6683416962623596
100, 3, 445544, 0.13083511590957642, 0.9590163826942444
100, 6, 445544, 0.44026100635528564, 0.834502100944519
100, 0, 445544, 0.22820141911506653, 0.910662829875946
100, 7, 445544, 0.2190602421760559, 0.93388432264328
100, 4, 445544, 0.14309608936309814, 0.9532577991485596
100, 2, 445544, 0.4543038606643677, 0.8730539083480835
101, 9, 445544, 1.2244086265563965, 0.6180645227432251
101, 5, 445544, 0.7948976755142212, 0.7871221899986267
101, 3, 445544, 1.8600643873214722, 0.4651639461517334
101, 6, 445544, 0.45312392711639404, 0.8457223176956177
101, 1, 445544, 0.061318539083004, 0.9783080220222473
101, 8, 445544, 0.07367829233407974, 0.979899525642395
101, 0, 445544, 0.6589741706848145, 0.8155619502067566
101, 7, 445544, 0.7025154232978821, 0.7756788730621338
101, 4, 445544, 1.0774059295654297, 0.6798866987228394
101, 2, 445544, 0.8444368243217468, 0.7676646709442139
102, 9, 445544, 0.1505887508392334, 0.9393548369407654
102, 5, 445544, 0.17426209151744843, 0.9434953927993774
102, 3, 445544, 0.17294128239154816, 0.9467213153839111
102, 1, 445544, 1.4015799760818481, 0.5921908617019653
102, 8, 445544, 0.5148215889930725, 0.8402010202407837
102, 6, 445544, 0.3345966637134552, 0.9102384448051453
102, 0, 445544, 0.3369198739528656, 0.8991354703903198
102, 4, 445544, 0.1686282902956009, 0.9376770257949829
102, 7, 445544, 0.20730505883693695, 0.9362455606460571
102, 2, 445544, 0.21777324378490448, 0.9341317415237427
103, 9, 445544, 1.1175611019134521, 0.6322580575942993
103, 5, 445544, 0.6590267419815063, 0.8147174715995789
103, 1, 445544, 0.05985383689403534, 0.9783080220222473
103, 8, 445544, 0.08161710947751999, 0.9758793711662292
103, 3, 445544, 1.4840335845947266, 0.5737704634666443
103, 6, 445544, 0.33464866876602173, 0.896213173866272
103, 0, 445544, 0.42433983087539673, 0.8760806918144226
103, 7, 445544, 0.4408743381500244, 0.8618654012680054
103, 4, 445544, 1.0242977142333984, 0.6940509676933289
103, 2, 445544, 0.4296739101409912, 0.8778443336486816
104, 9, 445544, 0.13289950788021088, 0.9458064436912537
104, 5, 445544, 0.1850218027830124, 0.9356110095977783
104, 1, 445544, 0.7658383846282959, 0.7483730912208557
104, 3, 445544, 0.18245811760425568, 0.9467213153839111
104, 8, 445544, 0.3188033699989319, 0.901507556438446
104, 6, 445544, 0.19144393503665924, 0.9438990354537964
104, 0, 445544, 0.24217469990253448, 0.9365994334220886
104, 7, 445544, 0.18410269916057587, 0.9551357626914978
104, 4, 445544, 0.13366244733333588, 0.9560906291007996
104, 2, 445544, 0.17889340221881866, 0.9485030174255371
105, 9, 445544, 0.8624691963195801, 0.7483870983123779
105, 5, 445544, 0.6003641486167908, 0.8173456192016602
105, 1, 445544, 0.042680561542510986, 0.9826464056968689
105, 8, 445544, 0.09615474194288254, 0.9708542823791504
105, 3, 445544, 1.1339598894119263, 0.6536885499954224
105, 6, 445544, 0.23339197039604187, 0.9256662130355835
105, 0, 445544, 0.4102533757686615, 0.8645533323287964
105, 7, 445544, 0.3514949679374695, 0.8902007341384888
105, 4, 445544, 0.7866098284721375, 0.7776203751564026
105, 2, 445544, 0.49598440527915955, 0.8574850559234619
106, 9, 445544, 0.1533392071723938, 0.940645158290863
106, 5, 445544, 0.12991049885749817, 0.9658344388008118
106, 1, 445544, 0.8504753112792969, 0.7418655157089233
106, 3, 445544, 0.10183043777942657, 0.9651639461517334
106, 8, 445544, 0.3383467495441437, 0.8934673070907593
106, 6, 445544, 0.15487860143184662, 0.9509116411209106
106, 0, 445544, 0.19431768357753754, 0.9337176084518433
106, 7, 445544, 0.15362706780433655, 0.9586777091026306
106, 4, 445544, 0.16095232963562012, 0.94475919008255
106, 2, 445544, 0.24750369787216187, 0.9293413162231445
107, 9, 445544, 0.7334481477737427, 0.78838711977005
107, 5, 445544, 0.5211740732192993, 0.862023651599884
107, 1, 445544, 0.04215223342180252, 0.9848155975341797
107, 3, 445544, 1.0245441198349, 0.686475396156311
107, 8, 445544, 0.08078429847955704, 0.9768844246864319
107, 6, 445544, 0.21741369366645813, 0.9354838728904724
107, 0, 445544, 0.3196040093898773, 0.8991354703903198
107, 7, 445544, 0.28408223390579224, 0.9090909361839294
107, 4, 445544, 0.654631495475769, 0.8158640265464783
107, 2, 445544, 0.3649415969848633, 0.8934131860733032
108, 9, 445544, 0.15981723368167877, 0.9393548369407654
108, 5, 445544, 0.12230311334133148, 0.9658344388008118
108, 1, 445544, 0.8947815299034119, 0.7310194969177246
108, 8, 445544, 0.3206745982170105, 0.9045225977897644
108, 3, 445544, 0.11344507336616516, 0.9590163826942444
108, 6, 445544, 0.18071189522743225, 0.9410939812660217
108, 0, 445544, 0.24483101069927216, 0.9308357238769531
108, 7, 445544, 0.15769900381565094, 0.9586777091026306
108, 4, 445544, 0.15971523523330688, 0.94475919008255
108, 2, 445544, 0.23454469442367554, 0.9221556782722473
109, 9, 445544, 0.7477166056632996, 0.7703225612640381
109, 5, 445544, 0.5748113393783569, 0.8541392683982849
109, 1, 445544, 0.05050182715058327, 0.9826464056968689
109, 3, 445544, 1.2771689891815186, 0.6639344096183777
109, 6, 445544, 0.28986796736717224, 0.9116409420967102
109, 8, 445544, 0.09911222010850906, 0.9698492288589478
109, 0, 445544, 0.3702428638935089, 0.9077810049057007
109, 7, 445544, 0.39070719480514526, 0.8748524188995361
109, 4, 445544, 0.6766459941864014, 0.8045325875282288
109, 2, 445544, 0.3860836327075958, 0.8922155499458313
110, 5, 445544, 0.1854225993156433, 0.9434953927993774
110, 9, 445544, 0.14300748705863953, 0.9458064436912537
110, 8, 445544, 0.263606458902359, 0.9226130843162537
110, 6, 445544, 0.15604299306869507, 0.9551191926002502
110, 1, 445544, 0.5688962340354919, 0.8264642357826233
110, 3, 445544, 0.17473092675209045, 0.9549180269241333
110, 0, 445544, 0.2366073727607727, 0.9279538989067078
110, 7, 445544, 0.19268719851970673, 0.9527745246887207
110, 4, 445544, 0.143026664853096, 0.9475920796394348
110, 2, 445544, 0.13870379328727722, 0.9580838084220886
111, 9, 445544, 1.0933257341384888, 0.6593548655509949
111, 5, 445544, 0.4959866404533386, 0.8607096076011658
111, 1, 445544, 0.05185680836439133, 0.9783080220222473
111, 6, 445544, 0.4183087646961212, 0.8779803514480591
111, 3, 445544, 1.054385781288147, 0.6823770403862
111, 8, 445544, 0.1055777296423912, 0.9728643298149109
111, 0, 445544, 0.46125948429107666, 0.8703169822692871
111, 7, 445544, 0.5867917537689209, 0.819362461566925
111, 4, 445544, 0.9317314028739929, 0.7308781743049622
111, 2, 445544, 0.5837198495864868, 0.8431137800216675
112, 9, 445544, 0.16344919800758362, 0.9341935515403748
112, 5, 445544, 0.1682438850402832, 0.9461235404014587
112, 8, 445544, 0.28929996490478516, 0.91758793592453
112, 1, 445544, 0.6223305463790894, 0.7960954308509827
112, 3, 445544, 0.17754331231117249, 0.9446721076965332
112, 6, 445544, 0.15775224566459656, 0.9495091438293457
112, 0, 445544, 0.24089647829532623, 0.9337176084518433
112, 7, 445544, 0.1938198357820511, 0.9515938758850098
112, 4, 445544, 0.14823400974273682, 0.9461756348609924
112, 2, 445544, 0.19002899527549744, 0.942514955997467
113, 9, 445544, 0.48550868034362793, 0.8593548536300659
113, 5, 445544, 0.26021209359169006, 0.9395532011985779
113, 1, 445544, 0.11310286074876785, 0.9652928709983826
113, 3, 445544, 0.5635748505592346, 0.8442623019218445
113, 8, 445544, 0.064342200756073, 0.9819095730781555
113, 6, 445544, 0.2187173217535019, 0.9410939812660217
113, 0, 445544, 0.4044186472892761, 0.9020172953605652
113, 7, 445544, 0.19484294950962067, 0.9468713402748108
113, 4, 445544, 0.4732995331287384, 0.8739376664161682
113, 2, 445544, 0.3095676898956299, 0.912574827671051
114, 9, 445544, 0.06749346107244492, 0.9729032516479492
114, 5, 445544, 0.4905793368816376, 0.8633376955986023
114, 1, 445544, 0.20037741959095, 0.9305856823921204
114, 3, 445544, 0.936229944229126, 0.7356557250022888
114, 8, 445544, 0.1298508644104004, 0.9567838907241821
114, 6, 445544, 0.20747870206832886, 0.9270687103271484
114, 0, 445544, 0.5713307857513428, 0.8472622632980347
114, 7, 445544, 0.22642669081687927, 0.9315230250358582
114, 4, 445544, 0.11607957631349564, 0.9603399634361267
114, 2, 445544, 0.4029206931591034, 0.8898203372955322
115, 9, 445544, 1.4025896787643433, 0.6283870935440063
115, 1, 445544, 0.8405765891075134, 0.7462038993835449
115, 5, 445544, 0.10808618366718292, 0.9710906744003296
115, 3, 445544, 0.11876201629638672, 0.9774590134620667
115, 8, 445544, 0.3213428556919098, 0.9005025029182434
115, 6, 445544, 0.18706613779067993, 0.9453015327453613
115, 0, 445544, 0.13063490390777588, 0.9654178619384766
115, 7, 445544, 0.14311708509922028, 0.9610389471054077
115, 4, 445544, 1.2603965997695923, 0.6657223701477051
115, 2, 445544, 0.2534884810447693, 0.9233533143997192
116, 5, 445544, 0.24163296818733215, 0.9303547739982605
116, 9, 445544, 0.1284995973110199, 0.9587096571922302
116, 3, 445544, 0.4764783978462219, 0.8463114500045776
116, 1, 445544, 0.5541945695877075, 0.8416485786437988
116, 6, 445544, 0.10922902822494507, 0.9733520150184631
116, 8, 445544, 0.25154176354408264, 0.91758793592453
116, 0, 445544, 0.3013772666454315, 0.9279538989067078
116, 4, 445544, 0.14704109728336334, 0.9631727933883667
116, 7, 445544, 0.13251811265945435, 0.9610389471054077
116, 2, 445544, 0.3729868531227112, 0.8766466975212097
117, 5, 445544, 0.14120301604270935, 0.9618922472000122
117, 9, 445544, 1.2358012199401855, 0.685161292552948
117, 1, 445544, 0.44784700870513916, 0.8633405566215515
117, 6, 445544, 0.6717190146446228, 0.8218793869018555
117, 8, 445544, 0.5435203909873962, 0.8643215894699097
117, 3, 445544, 0.049724772572517395, 0.9836065769195557
117, 0, 445544, 0.29610908031463623, 0.9279538989067078
117, 7, 445544, 0.6584154367446899, 0.8181818127632141
117, 4, 445544, 1.036255955696106, 0.7337110638618469
117, 2, 445544, 0.5919564366340637, 0.8491017818450928
118, 9, 445544, 0.04224567115306854, 0.9780645370483398
118, 5, 445544, 3.249871015548706, 0.273324579000473
118, 1, 445544, 2.7011561393737793, 0.2668112814426422
118, 6, 445544, 0.7926602959632874, 0.6942496299743652
118, 8, 445544, 1.3640910387039185, 0.5839195847511292
118, 3, 445544, 3.983337640762329, 0.17622950673103333
118, 0, 445544, 1.4176896810531616, 0.7550432085990906
118, 7, 445544, 0.8576172590255737, 0.8217237591743469
118, 4, 445544, 0.054444819688797, 0.9745042324066162
118, 2, 445544, 2.231447696685791, 0.6455090045928955
119, 5, 445544, 0.5717328190803528, 0.8909329771995544
119, 9, 445544, 5.967833518981934, 0.04774193465709686
119, 3, 445544, 0.03652355819940567, 0.9918032884597778
119, 1, 445544, 1.4965267181396484, 0.6160520315170288
119, 6, 445544, 2.9792795181274414, 0.25806450843811035
119, 8, 445544, 1.479984164237976, 0.6170854568481445
119, 0, 445544, 1.944077491760254, 0.5331411957740784
119, 7, 445544, 2.4686474800109863, 0.4958677589893341
119, 4, 445544, 5.692138671875, 0.059490084648132324
119, 2, 445544, 0.4806637763977051, 0.8790419101715088
120, 9, 445544, 0.04598473757505417, 0.9883871078491211
120, 5, 445544, 2.3454909324645996, 0.4086728096008301
120, 1, 445544, 2.5120906829833984, 0.21908894181251526
120, 8, 445544, 1.5697519779205322, 0.5045226216316223
120, 3, 445544, 4.802301406860352, 0.05737704783678055
120, 0, 445544, 2.7069201469421387, 0.5648415088653564
120, 6, 445544, 0.8599572777748108, 0.678821861743927
120, 7, 445544, 1.8327064514160156, 0.6623376607894897
120, 4, 445544, 0.10292154550552368, 0.9674220681190491
120, 2, 445544, 3.9598374366760254, 0.5065868496894836
121, 9, 445544, 0.9407402276992798, 0.7200000286102295
121, 5, 445544, 0.22383539378643036, 0.9303547739982605
121, 3, 445544, 0.07817775756120682, 0.9815573692321777
121, 1, 445544, 1.4655992984771729, 0.5075922012329102
121, 6, 445544, 1.0622919797897339, 0.6297335028648376
121, 8, 445544, 0.7806511521339417, 0.7065326571464539
121, 0, 445544, 0.7608278393745422, 0.7463976740837097
121, 7, 445544, 0.5708076357841492, 0.8110979795455933
121, 4, 445544, 0.99993896484375, 0.6898016929626465
121, 2, 445544, 0.17074154317378998, 0.943712592124939
122, 9, 445544, 0.629255473613739, 0.8051612973213196
122, 5, 445544, 0.21281355619430542, 0.9421813488006592
122, 8, 445544, 0.43668243288993835, 0.8743718862533569
122, 1, 445544, 0.3110937774181366, 0.8958785533905029
122, 6, 445544, 0.45017874240875244, 0.8625525832176208
122, 3, 445544, 0.10861597210168839, 0.9692623019218445
122, 0, 445544, 0.25890547037124634, 0.9164265394210815
122, 7, 445544, 0.3233445882797241, 0.9055489897727966
122, 4, 445544, 0.5963221788406372, 0.8059490323066711
122, 2, 445544, 0.19797775149345398, 0.9449101686477661
123, 9, 445544, 0.04349512979388237, 0.9845161437988281
123, 5, 445544, 0.9311820268630981, 0.7122207880020142
123, 3, 445544, 1.2796303033828735, 0.5737704634666443
123, 6, 445544, 0.6245040893554688, 0.7489480972290039
123, 1, 445544, 1.089584231376648, 0.574837327003479
123, 8, 445544, 1.0674583911895752, 0.6291457414627075
123, 0, 445544, 0.8371642827987671, 0.7925072312355042
123, 7, 445544, 0.7821045517921448, 0.7733175754547119
123, 4, 445544, 0.06457233428955078, 0.977337121963501
123, 2, 445544, 0.8798732161521912, 0.7808383107185364
124, 9, 445544, 0.05269361287355423, 0.9793548583984375
124, 5, 445544, 0.7474824786186218, 0.7647832036018372
124, 1, 445544, 0.19644586741924286, 0.9349240660667419
124, 3, 445544, 0.8988098502159119, 0.7110655903816223
124, 6, 445544, 0.3977168798446655, 0.8471248149871826
124, 8, 445544, 0.7140126824378967, 0.7668341994285583
124, 0, 445544, 0.6138601303100586, 0.8357348442077637
124, 7, 445544, 0.6302236318588257, 0.7981109619140625
124, 4, 445544, 0.05693643540143967, 0.980169951915741
124, 2, 445544, 0.7048168182373047, 0.8095808625221252
125, 9, 445544, 0.09822682291269302, 0.9638709425926208
125, 5, 445544, 0.2029283344745636, 0.9448094367980957
125, 8, 445544, 0.36998942494392395, 0.8824120759963989
125, 1, 445544, 0.23736155033111572, 0.9197397232055664
125, 3, 445544, 0.3451918065547943, 0.9057376980781555
125, 6, 445544, 0.320928692817688, 0.904628336429596
125, 0, 445544, 0.5015328526496887, 0.8559077978134155
125, 7, 445544, 0.2923387587070465, 0.9079102873802185
125, 4, 445544, 0.09014160186052322, 0.9759206771850586
125, 2, 445544, 0.7277140021324158, 0.7808383107185364
126, 9, 445544, 0.2869715690612793, 0.9290322661399841
126, 5, 445544, 0.3821190595626831, 0.8712220788002014
126, 3, 445544, 0.6515632271766663, 0.7766393423080444
126, 1, 445544, 1.214759111404419, 0.5986984968185425
126, 8, 445544, 0.44509637355804443, 0.8643215894699097
126, 6, 445544, 0.26308661699295044, 0.9158485531806946
126, 0, 445544, 0.17307591438293457, 0.9567723274230957
126, 7, 445544, 0.07774525135755539, 0.9811097979545593
126, 4, 445544, 0.29943618178367615, 0.9419263601303101
126, 2, 445544, 0.3328232765197754, 0.9005988240242004
127, 5, 445544, 0.25629517436027527, 0.927726686000824
127, 9, 445544, 0.6472000479698181, 0.8232257962226868
127, 1, 445544, 0.4338104724884033, 0.8438177704811096
127, 8, 445544, 0.7844516634941101, 0.7326633334159851
127, 3, 445544, 0.038492828607559204, 0.9897540807723999
127, 6, 445544, 0.7446848154067993, 0.7279102206230164
127, 0, 445544, 0.3023959994316101, 0.9135446548461914
127, 7, 445544, 0.42821234464645386, 0.8795749545097351
127, 4, 445544, 0.5896825790405273, 0.8158640265464783
127, 2, 445544, 0.40549013018608093, 0.8790419101715088
128, 9, 445544, 0.6656884551048279, 0.7625806331634521
128, 5, 445544, 0.4450351595878601, 0.8659658432006836
128, 1, 445544, 0.17389598488807678, 0.9544468522071838
128, 8, 445544, 0.13441479206085205, 0.9618090391159058
128, 3, 445544, 0.890052855014801, 0.7356557250022888
128, 6, 445544, 0.031536053866147995, 0.9887797832489014
128, 0, 445544, 0.2738971710205078, 0.9221901893615723
128, 7, 445544, 0.14748652279376984, 0.9527745246887207
128, 4, 445544, 0.7114013433456421, 0.776203989982605
128, 2, 445544, 0.4488844573497772, 0.8634730577468872
129, 9, 445544, 0.19698341190814972, 0.9367741942405701
129, 5, 445544, 0.17758683860301971, 0.9421813488006592
129, 3, 445544, 0.07272139191627502, 0.9815573692321777
129, 1, 445544, 0.26352187991142273, 0.9305856823921204
129, 8, 445544, 0.3735242187976837, 0.8864321708679199
129, 6, 445544, 0.31007012724876404, 0.9214586019515991
129, 0, 445544, 0.322828084230423, 0.9048991203308105
129, 7, 445544, 0.20018832385540009, 0.9362455606460571
129, 4, 445544, 0.20800232887268066, 0.9320113062858582
129, 2, 445544, 0.29822003841400146, 0.8970059752464294
130, 5, 445544, 0.6705855131149292, 0.8567674160003662
130, 9, 445544, 0.5286005735397339, 0.8451613187789917
130, 1, 445544, 2.2428786754608154, 0.45336225628852844
130, 8, 445544, 0.47756388783454895, 0.8773869276046753
130, 3, 445544, 1.3005980253219604, 0.7356557250022888
130, 6, 445544, 0.3492060899734497, 0.9032257795333862
130, 0, 445544, 0.3989993631839752, 0.9048991203308105
130, 7, 445544, 0.29115211963653564, 0.9185360074043274
130, 4, 445544, 0.582893967628479, 0.8456090688705444
130, 2, 445544, 0.017445066943764687, 0.9952095746994019
131, 9, 445544, 0.610469400882721, 0.8361290097236633
131, 5, 445544, 0.13491767644882202, 0.9697766304016113
131, 1, 445544, 0.5335659384727478, 0.8416485786437988
131, 3, 445544, 0.038716647773981094, 0.9897540807723999
131, 8, 445544, 1.080540418624878, 0.7788944840431213
131, 6, 445544, 0.3074324429035187, 0.9228611588478088
131, 0, 445544, 0.17304793000221252, 0.9481267929077148
131, 7, 445544, 0.2836317718029022, 0.9232585430145264
131, 4, 445544, 0.5955182313919067, 0.8356940746307373
131, 2, 445544, 1.7709451913833618, 0.6598802208900452
132, 9, 445544, 0.7054315209388733, 0.7935484051704407
132, 5, 445544, 2.1135025024414062, 0.6031537652015686
132, 1, 445544, 4.1545209884643555, 0.2299349308013916
132, 3, 445544, 4.386203289031982, 0.34221312403678894
132, 6, 445544, 1.3501994609832764, 0.7447405457496643
132, 8, 445544, 0.9084900617599487, 0.8271356821060181
132, 0, 445544, 1.8349982500076294, 0.6628242135047913
132, 7, 445544, 0.7388190627098083, 0.8311688303947449
132, 4, 445544, 1.122228741645813, 0.7351274490356445
132, 2, 445544, 0.019982686266303062, 0.9916167855262756
133, 9, 445544, 1.7102630138397217, 0.5509677529335022
133, 5, 445544, 0.21572771668434143, 0.9395532011985779
133, 3, 445544, 0.043724674731492996, 0.9877049326896667
133, 1, 445544, 2.071240186691284, 0.49023860692977905
133, 8, 445544, 1.762616753578186, 0.623115599155426
133, 6, 445544, 0.7934240698814392, 0.8050490617752075
133, 0, 445544, 0.31570690870285034, 0.9193083643913269
133, 7, 445544, 0.7946900129318237, 0.8158205151557922
133, 4, 445544, 1.6003555059432983, 0.6033994555473328
133, 2, 445544, 1.9429808855056763, 0.6670658588409424
134, 9, 445544, 0.8130410313606262, 0.7548387050628662
134, 5, 445544, 0.17032241821289062, 0.9553219676017761
134, 1, 445544, 0.23660698533058167, 0.9305856823921204
134, 3, 445544, 0.0609421469271183, 0.9877049326896667
134, 8, 445544, 0.8598593473434448, 0.8010050058364868
134, 6, 445544, 0.3506578505039215, 0.9200561046600342
134, 0, 445544, 0.13916419446468353, 0.9567723274230957
134, 7, 445544, 0.3992840051651001, 0.8937426209449768
134, 4, 445544, 0.7793878316879272, 0.7677053809165955
134, 2, 445544, 1.3876243829727173, 0.7101796269416809
135, 9, 445544, 0.15654678642749786, 0.9535483717918396
135, 5, 445544, 0.9252040982246399, 0.7634690999984741
135, 1, 445544, 1.2243762016296387, 0.6832971572875977
135, 3, 445544, 1.4729732275009155, 0.625
135, 8, 445544, 0.44413670897483826, 0.8643215894699097
135, 6, 445544, 0.22328293323516846, 0.9438990354537964
135, 0, 445544, 0.32613205909729004, 0.9020172953605652
135, 7, 445544, 0.3146297335624695, 0.8949232697486877
135, 4, 445544, 0.22514194250106812, 0.9376770257949829
135, 2, 445544, 0.05178799107670784, 0.9808382987976074
136, 9, 445544, 0.8364432454109192, 0.7806451320648193
136, 5, 445544, 0.20206663012504578, 0.9513797760009766
136, 1, 445544, 0.7261340618133545, 0.7809110879898071
136, 8, 445544, 0.443133682012558, 0.8663316369056702
136, 3, 445544, 0.06882582604885101, 0.9713114500045776
136, 6, 445544, 0.4692194163799286, 0.8751752972602844
136, 0, 445544, 0.26492875814437866, 0.9510086178779602
136, 7, 445544, 0.3933854401111603, 0.885478138923645
136, 4, 445544, 0.731830894947052, 0.8130311369895935
136, 2, 445544, 0.2708527147769928, 0.9329341053962708
137, 9, 445544, 0.03661656379699707, 0.9832258224487305
137, 5, 445544, 2.022301435470581, 0.38633376359939575
137, 8, 445544, 0.693472683429718, 0.795979917049408
137, 3, 445544, 1.0444817543029785, 0.6639344096183777
137, 1, 445544, 0.17213277518749237, 0.9457700848579407
137, 6, 445544, 0.3192400634288788, 0.9032257795333862
137, 0, 445544, 0.6496323347091675, 0.829971194267273
137, 7, 445544, 0.5559830069541931, 0.8170011639595032
137, 4, 445544, 0.10276991873979568, 0.9589235186576843
137, 2, 445544, 0.9231988191604614, 0.7461077570915222
138, 5, 445544, 0.23429247736930847, 0.947437584400177
138, 9, 445544, 2.4618051052093506, 0.4632258117198944
138, 1, 445544, 3.1057322025299072, 0.23427331447601318
138, 8, 445544, 1.2170647382736206, 0.6532663106918335
138, 6, 445544, 1.5264841318130493, 0.5932678580284119
138, 3, 445544, 0.039749227464199066, 0.9856557250022888
138, 0, 445544, 1.2228516340255737, 0.7175792455673218
138, 7, 445544, 0.9945255517959595, 0.7768595218658447
138, 4, 445544, 2.4836487770080566, 0.46883851289749146
138, 2, 445544, 0.5565394163131714, 0.8610778450965881
139, 9, 445544, 0.045067448168992996, 0.9832258224487305
139, 5, 445544, 0.46893638372421265, 0.8383705615997314
139, 1, 445544, 1.4216645956039429, 0.5075922012329102
139, 8, 445544, 0.9301554560661316, 0.6582914590835571
139, 3, 445544, 0.7244735360145569, 0.75
139, 6, 445544, 1.208117127418518, 0.5946704149246216
139, 0, 445544, 1.4917834997177124, 0.651296854019165
139, 7, 445544, 0.6368218660354614, 0.8276269435882568
139, 4, 445544, 0.2893924415111542, 0.9135977625846863
139, 2, 445544, 1.0878973007202148, 0.7281436920166016
140, 9, 445544, 2.431474208831787, 0.5277419090270996
140, 5, 445544, 0.659479558467865, 0.8173456192016602
140, 1, 445544, 0.46561142802238464, 0.887201726436615
140, 8, 445544, 0.6066129207611084, 0.8542713522911072
140, 3, 445544, 0.6864215135574341, 0.7971311211585999
140, 6, 445544, 0.0388321578502655, 0.9859747290611267
140, 0, 445544, 0.7526799440383911, 0.8530259132385254
140, 7, 445544, 0.6715719699859619, 0.8264462947845459
140, 4, 445544, 2.7070486545562744, 0.5368272066116333
140, 2, 445544, 1.3154734373092651, 0.6982035636901855
